{"__symbolic":"module","version":4,"metadata":{"TranslateModuleConfig":{"__symbolic":"interface"},"TranslateModule":{"__symbolic":"class","decorators":[{"__symbolic":"call","expression":{"__symbolic":"reference","module":"@angular/core","name":"NgModule","line":31,"character":1},"arguments":[{"declarations":[{"__symbolic":"reference","name":"TranslatePipe"},{"__symbolic":"reference","name":"TranslateDirective"}],"exports":[{"__symbolic":"reference","name":"TranslatePipe"},{"__symbolic":"reference","name":"TranslateDirective"}]}]}],"members":{},"statics":{"forRoot":{"__symbolic":"function","parameters":["config"],"defaults":[{}],"value":{"ngModule":{"__symbolic":"reference","name":"TranslateModule"},"providers":[{"__symbolic":"binop","operator":"||","left":{"__symbolic":"select","expression":{"__symbolic":"reference","name":"config"},"member":"loader"},"right":{"provide":{"__symbolic":"reference","name":"TranslateLoader"},"useClass":{"__symbolic":"reference","name":"TranslateFakeLoader"}}},{"__symbolic":"binop","operator":"||","left":{"__symbolic":"select","expression":{"__symbolic":"reference","name":"config"},"member":"compiler"},"right":{"provide":{"__symbolic":"reference","name":"TranslateCompiler"},"useClass":{"__symbolic":"reference","name":"TranslateFakeCompiler"}}},{"__symbolic":"binop","operator":"||","left":{"__symbolic":"select","expression":{"__symbolic":"reference","name":"config"},"member":"parser"},"right":{"provide":{"__symbolic":"reference","name":"TranslateParser"},"useClass":{"__symbolic":"reference","name":"TranslateDefaultParser"}}},{"__symbolic":"binop","operator":"||","left":{"__symbolic":"select","expression":{"__symbolic":"reference","name":"config"},"member":"missingTranslationHandler"},"right":{"provide":{"__symbolic":"reference","name":"MissingTranslationHandler"},"useClass":{"__symbolic":"reference","name":"FakeMissingTranslationHandler"}}},{"__symbolic":"reference","name":"TranslateStore"},{"provide":{"__symbolic":"reference","name":"USE_STORE"},"useValue":{"__symbolic":"select","expression":{"__symbolic":"reference","name":"config"},"member":"isolate"}},{"provide":{"__symbolic":"reference","name":"USE_DEFAULT_LANG"},"useValue":{"__symbolic":"select","expression":{"__symbolic":"reference","name":"config"},"member":"useDefaultLang"}},{"__symbolic":"reference","name":"TranslateService"}]}},"forChild":{"__symbolic":"function","parameters":["config"],"defaults":[{}],"value":{"ngModule":{"__symbolic":"reference","name":"TranslateModule"},"providers":[{"__symbolic":"binop","operator":"||","left":{"__symbolic":"select","expression":{"__symbolic":"reference","name":"config"},"member":"loader"},"right":{"provide":{"__symbolic":"reference","name":"TranslateLoader"},"useClass":{"__symbolic":"reference","name":"TranslateFakeLoader"}}},{"__symbolic":"binop","operator":"||","left":{"__symbolic":"select","expression":{"__symbolic":"reference","name":"config"},"member":"compiler"},"right":{"provide":{"__symbolic":"reference","name":"TranslateCompiler"},"useClass":{"__symbolic":"reference","name":"TranslateFakeCompiler"}}},{"__symbolic":"binop","operator":"||","left":{"__symbolic":"select","expression":{"__symbolic":"reference","name":"config"},"member":"parser"},"right":{"provide":{"__symbolic":"reference","name":"TranslateParser"},"useClass":{"__symbolic":"reference","name":"TranslateDefaultParser"}}},{"__symbolic":"binop","operator":"||","left":{"__symbolic":"select","expression":{"__symbolic":"reference","name":"config"},"member":"missingTranslationHandler"},"right":{"provide":{"__symbolic":"reference","name":"MissingTranslationHandler"},"useClass":{"__symbolic":"reference","name":"FakeMissingTranslationHandler"}}},{"provide":{"__symbolic":"reference","name":"USE_STORE"},"useValue":{"__symbolic":"select","expression":{"__symbolic":"reference","name":"config"},"member":"isolate"}},{"provide":{"__symbolic":"reference","name":"USE_DEFAULT_LANG"},"useValue":{"__symbolic":"select","expression":{"__symbolic":"reference","name":"config"},"member":"useDefaultLang"}},{"__symbolic":"reference","name":"TranslateService"}]}}}},"TranslateLoader":{"__symbolic":"class","members":{"getTranslation":[{"__symbolic":"method"}]}},"TranslateFakeLoader":{"__symbolic":"class","extends":{"__symbolic":"reference","name":"TranslateLoader"},"decorators":[{"__symbolic":"call","expression":{"__symbolic":"reference","module":"@angular/core","name":"Injectable","line":10,"character":1}}],"members":{"getTranslation":[{"__symbolic":"method"}]}},"USE_STORE":{"__symbolic":"new","expression":{"__symbolic":"reference","module":"@angular/core","name":"InjectionToken","line":11,"character":29},"arguments":["USE_STORE"]},"USE_DEFAULT_LANG":{"__symbolic":"new","expression":{"__symbolic":"reference","module":"@angular/core","name":"InjectionToken","line":12,"character":36},"arguments":["USE_DEFAULT_LANG"]},"TranslationChangeEvent":{"__symbolic":"interface"},"LangChangeEvent":{"__symbolic":"interface"},"DefaultLangChangeEvent":{"__symbolic":"interface"},"TranslateService":{"__symbolic":"class","decorators":[{"__symbolic":"call","expression":{"__symbolic":"reference","module":"@angular/core","name":"Injectable","line":35,"character":1}}],"members":{"__ctor__":[{"__symbolic":"constructor","parameterDecorators":[null,null,null,null,null,[{"__symbolic":"call","expression":{"__symbolic":"reference","module":"@angular/core","name":"Inject","line":153,"character":15},"arguments":[{"__symbolic":"reference","name":"USE_DEFAULT_LANG"}]}],[{"__symbolic":"call","expression":{"__symbolic":"reference","module":"@angular/core","name":"Inject","line":154,"character":15},"arguments":[{"__symbolic":"reference","name":"USE_STORE"}]}]],"parameters":[{"__symbolic":"reference","name":"TranslateStore"},{"__symbolic":"reference","name":"TranslateLoader"},{"__symbolic":"reference","name":"TranslateCompiler"},{"__symbolic":"reference","name":"TranslateParser"},{"__symbolic":"reference","name":"MissingTranslationHandler"},{"__symbolic":"reference","name":"boolean"},{"__symbolic":"reference","name":"boolean"}]}],"setDefaultLang":[{"__symbolic":"method"}],"getDefaultLang":[{"__symbolic":"method"}],"use":[{"__symbolic":"method"}],"retrieveTranslations":[{"__symbolic":"method"}],"getTranslation":[{"__symbolic":"method"}],"setTranslation":[{"__symbolic":"method"}],"getLangs":[{"__symbolic":"method"}],"addLangs":[{"__symbolic":"method"}],"updateLangs":[{"__symbolic":"method"}],"getParsedResult":[{"__symbolic":"method"}],"get":[{"__symbolic":"method"}],"stream":[{"__symbolic":"method"}],"instant":[{"__symbolic":"method"}],"set":[{"__symbolic":"method"}],"changeLang":[{"__symbolic":"method"}],"changeDefaultLang":[{"__symbolic":"method"}],"reloadLang":[{"__symbolic":"method"}],"resetLang":[{"__symbolic":"method"}],"getBrowserLang":[{"__symbolic":"method"}],"getBrowserCultureLang":[{"__symbolic":"method"}]}},"MissingTranslationHandlerParams":{"__symbolic":"interface"},"MissingTranslationHandler":{"__symbolic":"class","members":{"handle":[{"__symbolic":"method"}]}},"FakeMissingTranslationHandler":{"__symbolic":"class","decorators":[{"__symbolic":"call","expression":{"__symbolic":"reference","module":"@angular/core","name":"Injectable","line":36,"character":1}}],"members":{"handle":[{"__symbolic":"method"}]}},"TranslateParser":{"__symbolic":"class","members":{"interpolate":[{"__symbolic":"method"}],"getValue":[{"__symbolic":"method"}]}},"TranslateDefaultParser":{"__symbolic":"class","extends":{"__symbolic":"reference","name":"TranslateParser"},"decorators":[{"__symbolic":"call","expression":{"__symbolic":"reference","module":"@angular/core","name":"Injectable","line":21,"character":1}}],"members":{"interpolate":[{"__symbolic":"method"}],"getValue":[{"__symbolic":"method"}],"interpolateFunction":[{"__symbolic":"method"}],"interpolateString":[{"__symbolic":"method"}]}},"TranslateCompiler":{"__symbolic":"class","members":{"compile":[{"__symbolic":"method"}],"compileTranslations":[{"__symbolic":"method"}]}},"TranslateFakeCompiler":{"__symbolic":"class","extends":{"__symbolic":"reference","name":"TranslateCompiler"},"decorators":[{"__symbolic":"call","expression":{"__symbolic":"reference","module":"@angular/core","name":"Injectable","line":11,"character":1}}],"members":{"compile":[{"__symbolic":"method"}],"compileTranslations":[{"__symbolic":"method"}]}},"TranslateDirective":{"__symbolic":"class","decorators":[{"__symbolic":"call","expression":{"__symbolic":"reference","module":"@angular/core","name":"Directive","line":5,"character":1},"arguments":[{"selector":"[translate],[ngx-translate]"}]}],"members":{"translate":[{"__symbolic":"property","decorators":[{"__symbolic":"call","expression":{"__symbolic":"reference","module":"@angular/core","name":"Input","line":16,"character":3}}]}],"translateParams":[{"__symbolic":"property","decorators":[{"__symbolic":"call","expression":{"__symbolic":"reference","module":"@angular/core","name":"Input","line":23,"character":3}}]}],"__ctor__":[{"__symbolic":"constructor","parameters":[{"__symbolic":"reference","name":"TranslateService"},{"__symbolic":"reference","module":"@angular/core","name":"ElementRef","line":30,"character":75},{"__symbolic":"reference","module":"@angular/core","name":"ChangeDetectorRef","line":30,"character":101}]}],"ngAfterViewChecked":[{"__symbolic":"method"}],"checkNodes":[{"__symbolic":"method"}],"updateValue":[{"__symbolic":"method"}],"getContent":[{"__symbolic":"method"}],"setContent":[{"__symbolic":"method"}],"ngOnDestroy":[{"__symbolic":"method"}]}},"TranslatePipe":{"__symbolic":"class","decorators":[{"__symbolic":"call","expression":{"__symbolic":"reference","module":"@angular/core","name":"Injectable","line":4,"character":1}},{"__symbolic":"call","expression":{"__symbolic":"reference","module":"@angular/core","name":"Pipe","line":5,"character":1},"arguments":[{"name":"translate","pure":false}]}],"members":{"__ctor__":[{"__symbolic":"constructor","parameters":[{"__symbolic":"reference","name":"TranslateService"},{"__symbolic":"reference","module":"@angular/core","name":"ChangeDetectorRef","line":17,"character":65}]}],"updateValue":[{"__symbolic":"method"}],"transform":[{"__symbolic":"method"}],"_dispose":[{"__symbolic":"method"}],"ngOnDestroy":[{"__symbolic":"method"}]}},"TranslateStore":{"__symbolic":"class","members":{}}},"origins":{"TranslateModuleConfig":"./public_api","TranslateModule":"./public_api","TranslateLoader":"./lib/translate.loader","TranslateFakeLoader":"./lib/translate.loader","USE_STORE":"./lib/translate.service","USE_DEFAULT_LANG":"./lib/translate.service","TranslationChangeEvent":"./lib/translate.service","LangChangeEvent":"./lib/translate.service","DefaultLangChangeEvent":"./lib/translate.service","TranslateService":"./lib/translate.service","MissingTranslationHandlerParams":"./lib/missing-translation-handler","MissingTranslationHandler":"./lib/missing-translation-handler","FakeMissingTranslationHandler":"./lib/missing-translation-handler","TranslateParser":"./lib/translate.parser","TranslateDefaultParser":"./lib/translate.parser","TranslateCompiler":"./lib/translate.compiler","TranslateFakeCompiler":"./lib/translate.compiler","TranslateDirective":"./lib/translate.directive","TranslatePipe":"./lib/translate.pipe","TranslateStore":"./lib/translate.store"},"importAs":"@ngx-translate/core"}